audio_path,reciter_id,surah,ayah,source_url,sha256,language,riwaya,text_variant,gold_split
benchmarks/generated/audio/Abdul_Basit_Murattal_64kbps_002048.mp3,abdul_basit_murattal_64kbps,2,48,https://everyayah.com/data/Abdul_Basit_Murattal_64kbps/002048.mp3,2885b77ce83b3a0624824f72ddf4fcf79023000785bdd43641e215af84a7f112,ar,,,benchmark
benchmarks/generated/audio/Abdul_Basit_Murattal_64kbps_002054.mp3,abdul_basit_murattal_64kbps,2,54,https://everyayah.com/data/Abdul_Basit_Murattal_64kbps/002054.mp3,315f0d82f17226105fb162dde110f3b41eadda3718866cbff84a826d853cc771,ar,,,benchmark
benchmarks/generated/audio/Abdul_Basit_Murattal_64kbps_002055.mp3,abdul_basit_murattal_64kbps,2,55,https://everyayah.com/data/Abdul_Basit_Murattal_64kbps/002055.mp3,d1140f15fb9b7425572631978719b0aa89376e628850cc524493c01c609d26d8,ar,,,benchmark
benchmarks/generated/audio/Abdul_Basit_Murattal_64kbps_002065.mp3,abdul_basit_murattal_64kbps,2,65,https://everyayah.com/data/Abdul_Basit_Murattal_64kbps/002065.mp3,fd27c8183be962cf30b053f0414a7d0e5d4167c5b02d7091b46869d3ecd2d8d1,ar,,,benchmark
benchmarks/generated/audio/Abdul_Basit_Murattal_64kbps_002069.mp3,abdul_basit_murattal_64kbps,2,69,https://everyayah.com/data/Abdul_Basit_Murattal_64kbps/002069.mp3,72b7c487e0c9aaafe385f0a0ee91f932d065a4b4f7bb9b55670038e141f378a9,ar,,,benchmark
benchmarks/generated/audio/Abdul_Basit_Murattal_64kbps_002080.mp3,abdul_basit_murattal_64kbps,2,80,https://everyayah.com/data/Abdul_Basit_Murattal_64kbps/002080.mp3,03970a3545236a902d202db004e4b01ab9254e47a1e346d96d7c194c2c754ac4,ar,,,benchmark
benchmarks/generated/audio/Abdul_Basit_Murattal_64kbps_002085.mp3,abdul_basit_murattal_64kbps,2,85,https://everyayah.com/data/Abdul_Basit_Murattal_64kbps/002085.mp3,0a4d3f9b6779cb1d002bf20cf3afbd0271a1fd921519d2537f09d8dae8ca3ab9,ar,,,benchmark
benchmarks/generated/audio/Abdul_Basit_Murattal_64kbps_002107.mp3,abdul_basit_murattal_64kbps,2,107,https://everyayah.com/data/Abdul_Basit_Murattal_64kbps/002107.mp3,0276a2e1b16acba5ca66b824e35d2c2bad8229aa14b998efb8844277e9dbfb55,ar,,,benchmark
benchmarks/generated/audio/Abdul_Basit_Murattal_64kbps_002118.mp3,abdul_basit_murattal_64kbps,2,118,https://everyayah.com/data/Abdul_Basit_Murattal_64kbps/002118.mp3,778cb655a90ef89fe164cac344ded9f83ebe5185fb738e57c8862a62ad1fe9d5,ar,,,benchmark
benchmarks/generated/audio/Abdul_Basit_Murattal_64kbps_002134.mp3,abdul_basit_murattal_64kbps,2,134,https://everyayah.com/data/Abdul_Basit_Murattal_64kbps/002134.mp3,00e03a2d4afb237b2b349c78f2a36988b94e5842f0311ea70754dc816e9063fd,ar,,,benchmark
benchmarks/generated/audio/Abdul_Basit_Murattal_64kbps_002145.mp3,abdul_basit_murattal_64kbps,2,145,https://everyayah.com/data/Abdul_Basit_Murattal_64kbps/002145.mp3,6d4d496c2da5c1635ca769273935b350f66459f33cd4f0f6fa197346614aee7d,ar,,,benchmark
benchmarks/generated/audio/Abdul_Basit_Murattal_64kbps_002207.mp3,abdul_basit_murattal_64kbps,2,207,https://everyayah.com/data/Abdul_Basit_Murattal_64kbps/002207.mp3,89ebd4c94aedef00218577807cd74230c1ef320ecb3df5e016e55afff0024a65,ar,,,benchmark
benchmarks/generated/audio/Abdul_Basit_Murattal_64kbps_002244.mp3,abdul_basit_murattal_64kbps,2,244,https://everyayah.com/data/Abdul_Basit_Murattal_64kbps/002244.mp3,9aeef2b4d3a63e8ffb3abbcaf0649dc211239c7daf57a00fc8edef5ca2360369,ar,,,benchmark
benchmarks/generated/audio/Abdul_Basit_Murattal_64kbps_002252.mp3,abdul_basit_murattal_64kbps,2,252,https://everyayah.com/data/Abdul_Basit_Murattal_64kbps/002252.mp3,e52d36f29915c91ee15ec7e043096659e9d49c6ecccfcba113400c6c423f9662,ar,,,benchmark
benchmarks/generated/audio/Abdul_Basit_Murattal_64kbps_002266.mp3,abdul_basit_murattal_64kbps,2,266,https://everyayah.com/data/Abdul_Basit_Murattal_64kbps/002266.mp3,a891d3152569c1eca9ad23f2fba37067d2c2793c747ae45f4e4775ce463946d8,ar,,,benchmark
benchmarks/generated/audio/Abdul_Basit_Murattal_64kbps_003091.mp3,abdul_basit_murattal_64kbps,3,91,https://everyayah.com/data/Abdul_Basit_Murattal_64kbps/003091.mp3,522001432c8dacb9f9376ccee363f6b5511c5f352f7c02c7c19f89b702203a17,ar,,,benchmark
benchmarks/generated/audio/Abdul_Basit_Murattal_64kbps_003103.mp3,abdul_basit_murattal_64kbps,3,103,https://everyayah.com/data/Abdul_Basit_Murattal_64kbps/003103.mp3,286bfd089ee83d8dff113d32407689b3e2950bc6cfffd5eaddecf2bd06da5a75,ar,,,benchmark
benchmarks/generated/audio/Abdul_Basit_Murattal_64kbps_003113.mp3,abdul_basit_murattal_64kbps,3,113,https://everyayah.com/data/Abdul_Basit_Murattal_64kbps/003113.mp3,d578a03c77b2062402caf4bbb26e0884d9e742bdff188eeeebc0a3bac9041aa0,ar,,,benchmark
benchmarks/generated/audio/Abdul_Basit_Murattal_64kbps_003159.mp3,abdul_basit_murattal_64kbps,3,159,https://everyayah.com/data/Abdul_Basit_Murattal_64kbps/003159.mp3,3fca811cd706bdab3ccbbee5eea7bdf85407642c5b62440dd4961e57efe74e50,ar,,,benchmark
benchmarks/generated/audio/Abdul_Basit_Murattal_64kbps_005035.mp3,abdul_basit_murattal_64kbps,5,35,https://everyayah.com/data/Abdul_Basit_Murattal_64kbps/005035.mp3,a887f9493b562417c0347e17519b0214788ca6bbfe890ac07707edfd301d5868,ar,,,benchmark
benchmarks/generated/audio/Abdul_Basit_Murattal_64kbps_005054.mp3,abdul_basit_murattal_64kbps,5,54,https://everyayah.com/data/Abdul_Basit_Murattal_64kbps/005054.mp3,78f77a5edfc69a295b944e97432cc0ea8373544b84c5dbc211101209da28c78e,ar,,,benchmark
benchmarks/generated/audio/Abdul_Basit_Murattal_64kbps_005061.mp3,abdul_basit_murattal_64kbps,5,61,https://everyayah.com/data/Abdul_Basit_Murattal_64kbps/005061.mp3,9f21a3cfe221080f64b561eadd8392a9a041cfe5ff930f9db561f5dd62b84c54,ar,,,benchmark
benchmarks/generated/audio/Abdul_Basit_Murattal_64kbps_005074.mp3,abdul_basit_murattal_64kbps,5,74,https://everyayah.com/data/Abdul_Basit_Murattal_64kbps/005074.mp3,4293371feb38824172d2dcdfb95d557a68b1624ddf68bfcf5034f627b4dc6f65,ar,,,benchmark
benchmarks/generated/audio/Abdul_Basit_Murattal_64kbps_005090.mp3,abdul_basit_murattal_64kbps,5,90,https://everyayah.com/data/Abdul_Basit_Murattal_64kbps/005090.mp3,6f07ac3fa1a748939329b36118873ec41a6126da6a9938388e4c03e56a19c85e,ar,,,benchmark
benchmarks/generated/audio/Abdul_Basit_Murattal_64kbps_005105.mp3,abdul_basit_murattal_64kbps,5,105,https://everyayah.com/data/Abdul_Basit_Murattal_64kbps/005105.mp3,01b2193db0ea4fdd9464944093e00bac4793387a6285ae86148166ebf4b466f9,ar,,,benchmark
benchmarks/generated/audio/Abdul_Basit_Murattal_64kbps_005108.mp3,abdul_basit_murattal_64kbps,5,108,https://everyayah.com/data/Abdul_Basit_Murattal_64kbps/005108.mp3,86ff205af50ff51e46c315c79e421d34901cd914368c0bb24696d0a33761a396,ar,,,benchmark
benchmarks/generated/audio/Abdul_Basit_Murattal_64kbps_006017.mp3,abdul_basit_murattal_64kbps,6,17,https://everyayah.com/data/Abdul_Basit_Murattal_64kbps/006017.mp3,15edd89712fd580847b491b51c17904d235eba815f7dcc3fbe296a87f7435308,ar,,,benchmark
benchmarks/generated/audio/Abdul_Basit_Murattal_64kbps_006027.mp3,abdul_basit_murattal_64kbps,6,27,https://everyayah.com/data/Abdul_Basit_Murattal_64kbps/006027.mp3,eb2063d9a16267128b6f68e8ec1c2c58ba001b376716465f6e385baceb4dcabb,ar,,,benchmark
benchmarks/generated/audio/Abdul_Basit_Murattal_64kbps_006041.mp3,abdul_basit_murattal_64kbps,6,41,https://everyayah.com/data/Abdul_Basit_Murattal_64kbps/006041.mp3,daecf79070bf470d6eade6251aff7ec878a4e5872e888454b198aabb7083d462,ar,,,benchmark
benchmarks/generated/audio/Abdul_Basit_Murattal_64kbps_006078.mp3,abdul_basit_murattal_64kbps,6,78,https://everyayah.com/data/Abdul_Basit_Murattal_64kbps/006078.mp3,db1b622507297ff1bfe1a0b126eeb617f3d871f44275444e3cf9dc659f71bd9c,ar,,,benchmark
benchmarks/generated/audio/Abdul_Basit_Murattal_64kbps_007007.mp3,abdul_basit_murattal_64kbps,7,7,https://everyayah.com/data/Abdul_Basit_Murattal_64kbps/007007.mp3,410bab8f3a972cef60fd4bdb074181a6892c543db5ff6deb3fb8e63dce95cce5,ar,,,benchmark
benchmarks/generated/audio/Abdul_Basit_Murattal_64kbps_007013.mp3,abdul_basit_murattal_64kbps,7,13,https://everyayah.com/data/Abdul_Basit_Murattal_64kbps/007013.mp3,a58d700db2e7da9d4f87674aa9266f5364fb31a67a22ed3c70be8144f3e50eb4,ar,,,benchmark
benchmarks/generated/audio/Abdul_Basit_Murattal_64kbps_007037.mp3,abdul_basit_murattal_64kbps,7,37,https://everyayah.com/data/Abdul_Basit_Murattal_64kbps/007037.mp3,a82d37f20b19f021f426e149bacfc9314d192daca0ae17dcba1d1cd00761c823,ar,,,benchmark
benchmarks/generated/audio/Abdul_Basit_Murattal_64kbps_007086.mp3,abdul_basit_murattal_64kbps,7,86,https://everyayah.com/data/Abdul_Basit_Murattal_64kbps/007086.mp3,44340889f9a64fbc2925bb586d56f742ba7a4dbcdc4f92468bc242666e0e1484,ar,,,benchmark
benchmarks/generated/audio/Abdul_Basit_Murattal_64kbps_007122.mp3,abdul_basit_murattal_64kbps,7,122,https://everyayah.com/data/Abdul_Basit_Murattal_64kbps/007122.mp3,4c6b61fa6ce42743e30bf1130fb174be0974945e142557bb9c0728c12b719f4f,ar,,,benchmark
benchmarks/generated/audio/Abdul_Basit_Murattal_64kbps_007137.mp3,abdul_basit_murattal_64kbps,7,137,https://everyayah.com/data/Abdul_Basit_Murattal_64kbps/007137.mp3,c608dcf425513d31a94d1196756230e89f9156720dad05fc1f39a2d587747401,ar,,,benchmark
benchmarks/generated/audio/Abdul_Basit_Murattal_64kbps_007162.mp3,abdul_basit_murattal_64kbps,7,162,https://everyayah.com/data/Abdul_Basit_Murattal_64kbps/007162.mp3,11f821279840320c861471178d80710620c2be7cf2579897b04b26edb256233c,ar,,,benchmark
benchmarks/generated/audio/Abdul_Basit_Murattal_64kbps_008001.mp3,abdul_basit_murattal_64kbps,8,1,https://everyayah.com/data/Abdul_Basit_Murattal_64kbps/008001.mp3,bad401b7e5e45871640d502b9e93be96e72c54313f93e33bda889a57fb321adc,ar,,,benchmark
benchmarks/generated/audio/Abdul_Basit_Murattal_64kbps_008041.mp3,abdul_basit_murattal_64kbps,8,41,https://everyayah.com/data/Abdul_Basit_Murattal_64kbps/008041.mp3,8bc7af8ed6030be1a2cec111e4df744b05dafb7318eac0f6d1da97ebd2ec78d0,ar,,,benchmark
benchmarks/generated/audio/Abdul_Basit_Murattal_64kbps_008043.mp3,abdul_basit_murattal_64kbps,8,43,https://everyayah.com/data/Abdul_Basit_Murattal_64kbps/008043.mp3,bbce715a0557b6b1c82d8ac023ef4414ee7a103d6cbdbefd402e766cf5e659ed,ar,,,benchmark
benchmarks/generated/audio/Abdul_Basit_Murattal_64kbps_008053.mp3,abdul_basit_murattal_64kbps,8,53,https://everyayah.com/data/Abdul_Basit_Murattal_64kbps/008053.mp3,6b6187cad2b7b8047e9b7a78626f567cd6914baa63cfd88d81a8b695b97e6879,ar,,,benchmark
benchmarks/generated/audio/Abdul_Basit_Murattal_64kbps_009045.mp3,abdul_basit_murattal_64kbps,9,45,https://everyayah.com/data/Abdul_Basit_Murattal_64kbps/009045.mp3,ca251897fa617110ce9fa83d78b94f55fd851a5384425730e9915392817b8a69,ar,,,benchmark
benchmarks/generated/audio/Abdul_Basit_Murattal_64kbps_009057.mp3,abdul_basit_murattal_64kbps,9,57,https://everyayah.com/data/Abdul_Basit_Murattal_64kbps/009057.mp3,724b2fa7b1d81e2f9afe7bd8c2394d8c3ffcfe8644d6e19b561b129a91389d82,ar,,,benchmark
benchmarks/generated/audio/Abdul_Basit_Murattal_64kbps_009059.mp3,abdul_basit_murattal_64kbps,9,59,https://everyayah.com/data/Abdul_Basit_Murattal_64kbps/009059.mp3,0f5f13bf8d5c166c168ec7aebdc6fd15eec4ebef64869e39812744ee189e2209,ar,,,benchmark
benchmarks/generated/audio/Abdul_Basit_Murattal_64kbps_009090.mp3,abdul_basit_murattal_64kbps,9,90,https://everyayah.com/data/Abdul_Basit_Murattal_64kbps/009090.mp3,9c321b7d2298c8ab40dd0b46ed9f81245a75ac9e08d1d889083efe865ad82a24,ar,,,benchmark
benchmarks/generated/audio/Abdul_Basit_Murattal_64kbps_009110.mp3,abdul_basit_murattal_64kbps,9,110,https://everyayah.com/data/Abdul_Basit_Murattal_64kbps/009110.mp3,6bdc7e3e727e2ea9c6e63403740e7c46c68b9d2894ecc4009eedbeb7a4f52a1c,ar,,,benchmark
benchmarks/generated/audio/Abdul_Basit_Murattal_64kbps_010001.mp3,abdul_basit_murattal_64kbps,10,1,https://everyayah.com/data/Abdul_Basit_Murattal_64kbps/010001.mp3,98ce4c55777fd810e2d9f03c013d4655a57900a685daf316bc2f66a3d30c07a2,ar,,,benchmark
benchmarks/generated/audio/Abdul_Basit_Murattal_64kbps_010082.mp3,abdul_basit_murattal_64kbps,10,82,https://everyayah.com/data/Abdul_Basit_Murattal_64kbps/010082.mp3,6595308bfa72610092a61073f43abfced92c6c63f4555d300473ae1ca4b1e9b7,ar,,,benchmark
benchmarks/generated/audio/Abdul_Basit_Murattal_64kbps_010105.mp3,abdul_basit_murattal_64kbps,10,105,https://everyayah.com/data/Abdul_Basit_Murattal_64kbps/010105.mp3,7140d96a953965ffbd3762ca35cddf7172f7a0b880726fc38d18396ccc8ccb50,ar,,,benchmark
benchmarks/generated/audio/Abdul_Basit_Murattal_64kbps_011010.mp3,abdul_basit_murattal_64kbps,11,10,https://everyayah.com/data/Abdul_Basit_Murattal_64kbps/011010.mp3,571e65db54d033201966e6a17f85e1acff67d4b7c9241d31797f11e5db83a6f8,ar,,,benchmark
benchmarks/generated/audio/Abdul_Basit_Murattal_64kbps_011054.mp3,abdul_basit_murattal_64kbps,11,54,https://everyayah.com/data/Abdul_Basit_Murattal_64kbps/011054.mp3,8382c51261277338eef914be6098c15c3a8ea801f545a112cae8289a2723f11a,ar,,,benchmark
benchmarks/generated/audio/Abdul_Basit_Murattal_64kbps_011063.mp3,abdul_basit_murattal_64kbps,11,63,https://everyayah.com/data/Abdul_Basit_Murattal_64kbps/011063.mp3,dd60f224bfb6d25ca25704aaf7a0579a99e4d40c5e8ca5e9a8466d583b25f6e4,ar,,,benchmark
benchmarks/generated/audio/Abdul_Basit_Murattal_64kbps_011111.mp3,abdul_basit_murattal_64kbps,11,111,https://everyayah.com/data/Abdul_Basit_Murattal_64kbps/011111.mp3,1466a1aee1bc86efa5f83bf82972d3044d768ae7260db36d476510db780426b7,ar,,,benchmark
benchmarks/generated/audio/Abdul_Basit_Murattal_64kbps_012015.mp3,abdul_basit_murattal_64kbps,12,15,https://everyayah.com/data/Abdul_Basit_Murattal_64kbps/012015.mp3,1700ca88328aacd14d76a7a77fd7448d562d1bcbd6949016d3b7cd209133b75d,ar,,,benchmark
benchmarks/generated/audio/Abdul_Basit_Murattal_64kbps_012042.mp3,abdul_basit_murattal_64kbps,12,42,https://everyayah.com/data/Abdul_Basit_Murattal_64kbps/012042.mp3,02ff2a5215bdf60579290e1daf1581f9e98dad077dd76db5c1a58b0594b08232,ar,,,benchmark
benchmarks/generated/audio/Abdul_Basit_Murattal_64kbps_012083.mp3,abdul_basit_murattal_64kbps,12,83,https://everyayah.com/data/Abdul_Basit_Murattal_64kbps/012083.mp3,3712745361c5d3030b74910cd27d45cf3d7d130dfe289a51e7aedf22ceac1126,ar,,,benchmark
benchmarks/generated/audio/Abdul_Basit_Murattal_64kbps_013034.mp3,abdul_basit_murattal_64kbps,13,34,https://everyayah.com/data/Abdul_Basit_Murattal_64kbps/013034.mp3,8a95a6fb650d43d4e7098f43e0d8e1cbd2ecb2d667d3eb18ddba852e01109480,ar,,,benchmark
benchmarks/generated/audio/Abdul_Basit_Murattal_64kbps_015067.mp3,abdul_basit_murattal_64kbps,15,67,https://everyayah.com/data/Abdul_Basit_Murattal_64kbps/015067.mp3,263e785854d1b2858bb74cdb74654975f6c1e1775e831ab8de412d6aba16c3ae,ar,,,benchmark
benchmarks/generated/audio/Abdul_Basit_Murattal_64kbps_015098.mp3,abdul_basit_murattal_64kbps,15,98,https://everyayah.com/data/Abdul_Basit_Murattal_64kbps/015098.mp3,590533c93cb3f3424233410780f829ae871d73b4487c956b696e44864c26156b,ar,,,benchmark
benchmarks/generated/audio/Abdul_Basit_Murattal_64kbps_016022.mp3,abdul_basit_murattal_64kbps,16,22,https://everyayah.com/data/Abdul_Basit_Murattal_64kbps/016022.mp3,fbbf29f81217cadf9912317f79c43ac54809e3def97fe1c66ab1b5b0a06b3fb8,ar,,,benchmark
benchmarks/generated/audio/Abdul_Basit_Murattal_64kbps_016041.mp3,abdul_basit_murattal_64kbps,16,41,https://everyayah.com/data/Abdul_Basit_Murattal_64kbps/016041.mp3,95b8c37fb49abd9043aa72322f13cd91e3b38341f8aee35016d5ac3a8db5ca95,ar,,,benchmark
benchmarks/generated/audio/Abdul_Basit_Murattal_64kbps_016069.mp3,abdul_basit_murattal_64kbps,16,69,https://everyayah.com/data/Abdul_Basit_Murattal_64kbps/016069.mp3,ff4bda06dd2653dc00d938398bbf01b33f98976d948534c6016d6ff262bd5ee4,ar,,,benchmark
benchmarks/generated/audio/Abdul_Basit_Murattal_64kbps_016074.mp3,abdul_basit_murattal_64kbps,16,74,https://everyayah.com/data/Abdul_Basit_Murattal_64kbps/016074.mp3,73917e51a2e190988db9e68757eca95448b1d3bc1099fecefa16db64403a7c83,ar,,,benchmark
benchmarks/generated/audio/Abdul_Basit_Murattal_64kbps_017007.mp3,abdul_basit_murattal_64kbps,17,7,https://everyayah.com/data/Abdul_Basit_Murattal_64kbps/017007.mp3,b5481e275edfeb2823b06fbf2ee63ccf1e515516cbea6574c630c1b0dec3ddf1,ar,,,benchmark
benchmarks/generated/audio/Abdul_Basit_Murattal_64kbps_017009.mp3,abdul_basit_murattal_64kbps,17,9,https://everyayah.com/data/Abdul_Basit_Murattal_64kbps/017009.mp3,60941def549544c6f685d477ef8737cb9da4618a28cf676f1d1cda3ceb70c788,ar,,,benchmark
benchmarks/generated/audio/Abdul_Basit_Murattal_64kbps_017011.mp3,abdul_basit_murattal_64kbps,17,11,https://everyayah.com/data/Abdul_Basit_Murattal_64kbps/017011.mp3,d77bece3c708a5faa01bcbaa1678200a34b419a51bba1d56f2bd4387c46590b7,ar,,,benchmark
benchmarks/generated/audio/Abdul_Basit_Murattal_64kbps_017078.mp3,abdul_basit_murattal_64kbps,17,78,https://everyayah.com/data/Abdul_Basit_Murattal_64kbps/017078.mp3,46ad855f3e9ab757a76d180f3e89ba1ea2a05a5ef2039ff8ac258840305e34b6,ar,,,benchmark
benchmarks/generated/audio/Abdul_Basit_Murattal_64kbps_017094.mp3,abdul_basit_murattal_64kbps,17,94,https://everyayah.com/data/Abdul_Basit_Murattal_64kbps/017094.mp3,00ed1af4ceec327b87a1ed040220315fa5157caa51bc974aad16455a7b03399d,ar,,,benchmark
benchmarks/generated/audio/Abdul_Basit_Murattal_64kbps_017109.mp3,abdul_basit_murattal_64kbps,17,109,https://everyayah.com/data/Abdul_Basit_Murattal_64kbps/017109.mp3,61d55797a7a1055f957d74fa1f9465d82c846c6feca751f9867bbb646644ad28,ar,,,benchmark
benchmarks/generated/audio/Abdul_Basit_Murattal_64kbps_018074.mp3,abdul_basit_murattal_64kbps,18,74,https://everyayah.com/data/Abdul_Basit_Murattal_64kbps/018074.mp3,80fd2bb5994ecd55e6aeb0f0e1092d8cb5733079530f8697d6418f040854673d,ar,,,benchmark
benchmarks/generated/audio/Abdul_Basit_Murattal_64kbps_019043.mp3,abdul_basit_murattal_64kbps,19,43,https://everyayah.com/data/Abdul_Basit_Murattal_64kbps/019043.mp3,505c433093ade96813e9ca8b0a0b3d9ec1a814a4ea0ccae6a04ff61887c042c0,ar,,,benchmark
benchmarks/generated/audio/Abdul_Basit_Murattal_64kbps_019045.mp3,abdul_basit_murattal_64kbps,19,45,https://everyayah.com/data/Abdul_Basit_Murattal_64kbps/019045.mp3,3bde0f1edbfd7dd6ab12deb5bafb38c8a79291cfe0ccb401fd9d97df7ad9aec4,ar,,,benchmark
benchmarks/generated/audio/Abdul_Basit_Murattal_64kbps_020016.mp3,abdul_basit_murattal_64kbps,20,16,https://everyayah.com/data/Abdul_Basit_Murattal_64kbps/020016.mp3,92ea5174a1fcc1eba14b727b1f968da36517c6333f7c299c0cc03828c9c34698,ar,,,benchmark
benchmarks/generated/audio/Abdul_Basit_Murattal_64kbps_020044.mp3,abdul_basit_murattal_64kbps,20,44,https://everyayah.com/data/Abdul_Basit_Murattal_64kbps/020044.mp3,56d57ab48ddab4ff15516c2dec658b944099b7c1bdfca3040e3712be60636eb5,ar,,,benchmark
benchmarks/generated/audio/Abdul_Basit_Murattal_64kbps_020060.mp3,abdul_basit_murattal_64kbps,20,60,https://everyayah.com/data/Abdul_Basit_Murattal_64kbps/020060.mp3,deff1feb00edd8287a13bf9b38bcac4dc88bca0756ccf0d6770cf4e5f94f9aee,ar,,,benchmark
benchmarks/generated/audio/Abdul_Basit_Murattal_64kbps_020062.mp3,abdul_basit_murattal_64kbps,20,62,https://everyayah.com/data/Abdul_Basit_Murattal_64kbps/020062.mp3,ac117cc8caacfc8d935c4b53baa6efafe7c0095a80e00eb6ccab75e45b0d2fe1,ar,,,benchmark
benchmarks/generated/audio/Abdul_Basit_Murattal_64kbps_020124.mp3,abdul_basit_murattal_64kbps,20,124,https://everyayah.com/data/Abdul_Basit_Murattal_64kbps/020124.mp3,fe17cb1ecdc6a97f51b2c8f44a58a1191e6e5d1e675a8a17080afb7c02b627ff,ar,,,benchmark
benchmarks/generated/audio/Abdul_Basit_Murattal_64kbps_020135.mp3,abdul_basit_murattal_64kbps,20,135,https://everyayah.com/data/Abdul_Basit_Murattal_64kbps/020135.mp3,a6b0bbd4b673c8c471bcfc9b3697140b0c5f769cb5a8df3ce8287839ee131f14,ar,,,benchmark
benchmarks/generated/audio/Abdul_Basit_Murattal_64kbps_021001.mp3,abdul_basit_murattal_64kbps,21,1,https://everyayah.com/data/Abdul_Basit_Murattal_64kbps/021001.mp3,1d3e7dea828600a83914b642f2615c395b63d5b49ffc6095db1ab94a242a256b,ar,,,benchmark
benchmarks/generated/audio/Abdul_Basit_Murattal_64kbps_021004.mp3,abdul_basit_murattal_64kbps,21,4,https://everyayah.com/data/Abdul_Basit_Murattal_64kbps/021004.mp3,cc85c15c3c6b49f6d2d15797c597a363f43e5b4744de0dffd3dd5013f10ba078,ar,,,benchmark
benchmarks/generated/audio/Abdul_Basit_Murattal_64kbps_021012.mp3,abdul_basit_murattal_64kbps,21,12,https://everyayah.com/data/Abdul_Basit_Murattal_64kbps/021012.mp3,0ac88008ec829354c33b8890830e0c01612ea57e8a72ab8026593ea6dc241d3b,ar,,,benchmark
benchmarks/generated/audio/Abdul_Basit_Murattal_64kbps_021057.mp3,abdul_basit_murattal_64kbps,21,57,https://everyayah.com/data/Abdul_Basit_Murattal_64kbps/021057.mp3,9af3019cbb066bb4ac08d923843e5d739b901cb59bbf9c64e97258085fbfedd4,ar,,,benchmark
benchmarks/generated/audio/Abdul_Basit_Murattal_64kbps_021088.mp3,abdul_basit_murattal_64kbps,21,88,https://everyayah.com/data/Abdul_Basit_Murattal_64kbps/021088.mp3,e9e6b073a4f6ca5e71c4fb015f1716c28ca48129c59bdbd0ff767cc438d0a601,ar,,,benchmark
benchmarks/generated/audio/Abdul_Basit_Murattal_64kbps_021098.mp3,abdul_basit_murattal_64kbps,21,98,https://everyayah.com/data/Abdul_Basit_Murattal_64kbps/021098.mp3,114fd397dd05595d3c23cfbec79ae82c8b813bfc3dd5dd8948fe78746fc12123,ar,,,benchmark
benchmarks/generated/audio/Abdul_Basit_Murattal_64kbps_023044.mp3,abdul_basit_murattal_64kbps,23,44,https://everyayah.com/data/Abdul_Basit_Murattal_64kbps/023044.mp3,0f331f27e1af28fa6add2e342d17f7e03ea5eea377310cd212fa2f15eedd4107,ar,,,benchmark
benchmarks/generated/audio/Abdul_Basit_Murattal_64kbps_023046.mp3,abdul_basit_murattal_64kbps,23,46,https://everyayah.com/data/Abdul_Basit_Murattal_64kbps/023046.mp3,cde26340387431487842a7c100f454cd007ebfbcf32115a34b9872072779c04f,ar,,,benchmark
benchmarks/generated/audio/Abdul_Basit_Murattal_64kbps_023054.mp3,abdul_basit_murattal_64kbps,23,54,https://everyayah.com/data/Abdul_Basit_Murattal_64kbps/023054.mp3,d2e1b2d54fbf178660841f7118bfb4093833f882feb553956257e5b8cc11ad7c,ar,,,benchmark
benchmarks/generated/audio/Abdul_Basit_Murattal_64kbps_023055.mp3,abdul_basit_murattal_64kbps,23,55,https://everyayah.com/data/Abdul_Basit_Murattal_64kbps/023055.mp3,4acb4ab5937e9f19a9910cfb3767d7135fcb8e95692ec9b66b06936e674faab6,ar,,,benchmark
benchmarks/generated/audio/Abdul_Basit_Murattal_64kbps_023089.mp3,abdul_basit_murattal_64kbps,23,89,https://everyayah.com/data/Abdul_Basit_Murattal_64kbps/023089.mp3,397b1a5f1d7bdf7650e00107dbc6eb7120ac094b89a85895e180e23148a41f55,ar,,,benchmark
benchmarks/generated/audio/Abdul_Basit_Murattal_64kbps_024022.mp3,abdul_basit_murattal_64kbps,24,22,https://everyayah.com/data/Abdul_Basit_Murattal_64kbps/024022.mp3,5b10fb3ffae2987252af906852f7a0ea3cbdeb53ad2beb0492bc0ba705f79e23,ar,,,benchmark
benchmarks/generated/audio/Abdul_Basit_Murattal_64kbps_024046.mp3,abdul_basit_murattal_64kbps,24,46,https://everyayah.com/data/Abdul_Basit_Murattal_64kbps/024046.mp3,02649d539e3d30f658fb27ed71c0c18350e4bd9934f2ae6c79c80c049e8f5afd,ar,,,benchmark
benchmarks/generated/audio/Abdul_Basit_Murattal_64kbps_024055.mp3,abdul_basit_murattal_64kbps,24,55,https://everyayah.com/data/Abdul_Basit_Murattal_64kbps/024055.mp3,a8bceeb40a17a76901fe8468485652598821128651ef6c44d57fb4b3aba58e6d,ar,,,benchmark
benchmarks/generated/audio/Abdul_Basit_Murattal_64kbps_025020.mp3,abdul_basit_murattal_64kbps,25,20,https://everyayah.com/data/Abdul_Basit_Murattal_64kbps/025020.mp3,81854ee65cda298c246b127aac815151c021ceeb1ad6124c14c93348d2ead29b,ar,,,benchmark
benchmarks/generated/audio/Abdul_Basit_Murattal_64kbps_025062.mp3,abdul_basit_murattal_64kbps,25,62,https://everyayah.com/data/Abdul_Basit_Murattal_64kbps/025062.mp3,034e53eb70769a474d5d5b55d18095283a9a8b57915c8af6bc182171de3e9975,ar,,,benchmark
benchmarks/generated/audio/Abdul_Basit_Murattal_64kbps_025068.mp3,abdul_basit_murattal_64kbps,25,68,https://everyayah.com/data/Abdul_Basit_Murattal_64kbps/025068.mp3,da7b4340b062b221645f7cbd6899842375a33cb22f57d491d3ba60b92fcc2fc3,ar,,,benchmark
benchmarks/generated/audio/Abdul_Basit_Murattal_64kbps_026115.mp3,abdul_basit_murattal_64kbps,26,115,https://everyayah.com/data/Abdul_Basit_Murattal_64kbps/026115.mp3,6bca1ae6ea1dcb6b1a4ced8da18de21748b25187e2a48bbffdc4b4d6df987cf4,ar,,,benchmark
benchmarks/generated/audio/Abdul_Basit_Murattal_64kbps_026151.mp3,abdul_basit_murattal_64kbps,26,151,https://everyayah.com/data/Abdul_Basit_Murattal_64kbps/026151.mp3,02777213abcf5b2720e311ff7a5da7ae348aec35a77b5f259ed84e416f1bbb27,ar,,,benchmark
benchmarks/generated/audio/Abdul_Basit_Murattal_64kbps_026152.mp3,abdul_basit_murattal_64kbps,26,152,https://everyayah.com/data/Abdul_Basit_Murattal_64kbps/026152.mp3,a4657699c59f624f49ef1cbb2f760ec6ec78f84aff5e9de7ec305db3e57a084c,ar,,,benchmark
benchmarks/generated/audio/Abdul_Basit_Murattal_64kbps_026167.mp3,abdul_basit_murattal_64kbps,26,167,https://everyayah.com/data/Abdul_Basit_Murattal_64kbps/026167.mp3,226dbb81ef21c4a8c285adc6db5fcff78dbfc30430c8fed1828291011970f511,ar,,,benchmark
benchmarks/generated/audio/Abdul_Basit_Murattal_64kbps_026186.mp3,abdul_basit_murattal_64kbps,26,186,https://everyayah.com/data/Abdul_Basit_Murattal_64kbps/026186.mp3,bc2cfe9ca5b32adfd3600ba4770466dc29bf72289c8d301f87abde87ca7cf040,ar,,,benchmark
benchmarks/generated/audio/Abdul_Basit_Murattal_64kbps_026208.mp3,abdul_basit_murattal_64kbps,26,208,https://everyayah.com/data/Abdul_Basit_Murattal_64kbps/026208.mp3,5ac7c27417ddb12c2fec893a534f19f107fabd91ce1a9e82b58f666ffd6f96b9,ar,,,benchmark
benchmarks/generated/audio/Abdul_Basit_Murattal_64kbps_027050.mp3,abdul_basit_murattal_64kbps,27,50,https://everyayah.com/data/Abdul_Basit_Murattal_64kbps/027050.mp3,036389f3191d15a8ea503abd94ac3c3ef7b840fb9814f3cf501b1c4c4e593052,ar,,,benchmark
benchmarks/generated/audio/Abdul_Basit_Murattal_64kbps_028008.mp3,abdul_basit_murattal_64kbps,28,8,https://everyayah.com/data/Abdul_Basit_Murattal_64kbps/028008.mp3,ae3934629ab9ac1def5c581b77709220119d9f610b7b7dba820b1ad9cfc1dee1,ar,,,benchmark
benchmarks/generated/audio/Abdul_Basit_Murattal_64kbps_028014.mp3,abdul_basit_murattal_64kbps,28,14,https://everyayah.com/data/Abdul_Basit_Murattal_64kbps/028014.mp3,5df50fe88ffe3d4c6e5d150f7da50f7c3fcf2ec08f3af84996c636b7d2ae0ac3,ar,,,benchmark
benchmarks/generated/audio/Abdul_Basit_Murattal_64kbps_028053.mp3,abdul_basit_murattal_64kbps,28,53,https://everyayah.com/data/Abdul_Basit_Murattal_64kbps/028053.mp3,61373c7e764823aacde8f92a4fab551cccef2b5f429761f8d63e1f0816681b94,ar,,,benchmark
benchmarks/generated/audio/Abdul_Basit_Murattal_64kbps_028073.mp3,abdul_basit_murattal_64kbps,28,73,https://everyayah.com/data/Abdul_Basit_Murattal_64kbps/028073.mp3,d578ac1d6968e2317b71a4ad9611b9a88ed902b7f37db9ec0e7e73fc29c5f7d7,ar,,,benchmark
benchmarks/generated/audio/Abdul_Basit_Murattal_64kbps_028077.mp3,abdul_basit_murattal_64kbps,28,77,https://everyayah.com/data/Abdul_Basit_Murattal_64kbps/028077.mp3,e4d0738c7907625949d944ae2889b050f7f120c24aaff0d2445c3e2d97ba76e5,ar,,,benchmark
benchmarks/generated/audio/Abdul_Basit_Murattal_64kbps_030003.mp3,abdul_basit_murattal_64kbps,30,3,https://everyayah.com/data/Abdul_Basit_Murattal_64kbps/030003.mp3,4858a4ef806a85a4dfdcb0a77598c6d937be7c02b10a8f74fef3c5c7641d64c2,ar,,,benchmark
benchmarks/generated/audio/Abdul_Basit_Murattal_64kbps_031016.mp3,abdul_basit_murattal_64kbps,31,16,https://everyayah.com/data/Abdul_Basit_Murattal_64kbps/031016.mp3,69ea82aca1badb5598827dada43ca3b61e114a3281db7913cac8b5d86d44a303,ar,,,benchmark
benchmarks/generated/audio/Abdul_Basit_Murattal_64kbps_031018.mp3,abdul_basit_murattal_64kbps,31,18,https://everyayah.com/data/Abdul_Basit_Murattal_64kbps/031018.mp3,627387a3ad1739c3cb6ebb89d098b8a1eaffd90305ef745e37f5ec9369d0c184,ar,,,benchmark
benchmarks/generated/audio/Abdul_Basit_Murattal_64kbps_033013.mp3,abdul_basit_murattal_64kbps,33,13,https://everyayah.com/data/Abdul_Basit_Murattal_64kbps/033013.mp3,93d9cc2f27e9f79d284a3ba6fe3987edb8c3146be6ef13aea17a07d96a58fb39,ar,,,benchmark
benchmarks/generated/audio/Abdul_Basit_Murattal_64kbps_033024.mp3,abdul_basit_murattal_64kbps,33,24,https://everyayah.com/data/Abdul_Basit_Murattal_64kbps/033024.mp3,32e5e8fc98756658ba493b9896ae9bd9acd43c43ede4d65e9e2e1ffd84b843ad,ar,,,benchmark
benchmarks/generated/audio/Abdul_Basit_Murattal_64kbps_033025.mp3,abdul_basit_murattal_64kbps,33,25,https://everyayah.com/data/Abdul_Basit_Murattal_64kbps/033025.mp3,75f1e9b2cbf61cddf6d3ba984f5c8be3862af5d920ae35c1362fc90d8229ad88,ar,,,benchmark
benchmarks/generated/audio/Abdul_Basit_Murattal_64kbps_033034.mp3,abdul_basit_murattal_64kbps,33,34,https://everyayah.com/data/Abdul_Basit_Murattal_64kbps/033034.mp3,10233383d4d5900fddce95e8e25365cc8b9140ae313d39116140c00d6b4a58ff,ar,,,benchmark
benchmarks/generated/audio/Abdul_Basit_Murattal_64kbps_034026.mp3,abdul_basit_murattal_64kbps,34,26,https://everyayah.com/data/Abdul_Basit_Murattal_64kbps/034026.mp3,065609c839abfe29e5b96a1a10e51892df43b9fb8ced092f2ea3160f7b534252,ar,,,benchmark
benchmarks/generated/audio/Abdul_Basit_Murattal_64kbps_036049.mp3,abdul_basit_murattal_64kbps,36,49,https://everyayah.com/data/Abdul_Basit_Murattal_64kbps/036049.mp3,c422f095b62646943bfa617c99fa58a0e69c647eeb18ca79fd7cda0e76598c7d,ar,,,benchmark
benchmarks/generated/audio/Abdul_Basit_Murattal_64kbps_036057.mp3,abdul_basit_murattal_64kbps,36,57,https://everyayah.com/data/Abdul_Basit_Murattal_64kbps/036057.mp3,7a0f74457084f2c6728d8270165759ac1fdb83a31051768553cd8e634a70921f,ar,,,benchmark
benchmarks/generated/audio/Abdul_Basit_Murattal_64kbps_036071.mp3,abdul_basit_murattal_64kbps,36,71,https://everyayah.com/data/Abdul_Basit_Murattal_64kbps/036071.mp3,724e5b9d0c55c62e6fd696acecb635467fdc3317dfa022cdf65e0887a946a8e3,ar,,,benchmark
benchmarks/generated/audio/Abdul_Basit_Murattal_64kbps_037033.mp3,abdul_basit_murattal_64kbps,37,33,https://everyayah.com/data/Abdul_Basit_Murattal_64kbps/037033.mp3,578d9014608c2cd4d8308c3c90eec18420307e549f54101d33bb02289441cbe6,ar,,,benchmark
benchmarks/generated/audio/Abdul_Basit_Murattal_64kbps_037035.mp3,abdul_basit_murattal_64kbps,37,35,https://everyayah.com/data/Abdul_Basit_Murattal_64kbps/037035.mp3,35f5b60fcb38113f4b156aa975f4ee40b93a9e4aa5a665e410dd57d383b230aa,ar,,,benchmark
benchmarks/generated/audio/Abdul_Basit_Murattal_64kbps_037121.mp3,abdul_basit_murattal_64kbps,37,121,https://everyayah.com/data/Abdul_Basit_Murattal_64kbps/037121.mp3,03f0d835f759c5adec84e3bdc8494779a1223fbd6b0cba9bbb1b6826d42bc52c,ar,,,benchmark
benchmarks/generated/audio/Abdul_Basit_Murattal_64kbps_037170.mp3,abdul_basit_murattal_64kbps,37,170,https://everyayah.com/data/Abdul_Basit_Murattal_64kbps/037170.mp3,d3fec9704bd958f8bffd0d21e0b1e5f7abe69379fd3b8983b01c44a088592ba2,ar,,,benchmark
benchmarks/generated/audio/Abdul_Basit_Murattal_64kbps_038027.mp3,abdul_basit_murattal_64kbps,38,27,https://everyayah.com/data/Abdul_Basit_Murattal_64kbps/038027.mp3,396286ef300d0cab0e7d377d99e76f9278db1459ec97a6deeb62e521548f4aad,ar,,,benchmark
benchmarks/generated/audio/Abdul_Basit_Murattal_64kbps_038070.mp3,abdul_basit_murattal_64kbps,38,70,https://everyayah.com/data/Abdul_Basit_Murattal_64kbps/038070.mp3,c55d44790ffc03958d88ba76b651797d255285d4163e9b0a69d99a554b4e27db,ar,,,benchmark
benchmarks/generated/audio/Abdul_Basit_Murattal_64kbps_038086.mp3,abdul_basit_murattal_64kbps,38,86,https://everyayah.com/data/Abdul_Basit_Murattal_64kbps/038086.mp3,0b72af2933ffc77de698b36ebf7d53cf509690f2c5e38c85d92db76b4c51a97a,ar,,,benchmark
benchmarks/generated/audio/Abdul_Basit_Murattal_64kbps_039005.mp3,abdul_basit_murattal_64kbps,39,5,https://everyayah.com/data/Abdul_Basit_Murattal_64kbps/039005.mp3,05a3ba63fbf035788bb42eea3bfb54e424947092c3291e61c88f0f492a19f26a,ar,,,benchmark
benchmarks/generated/audio/Abdul_Basit_Murattal_64kbps_039006.mp3,abdul_basit_murattal_64kbps,39,6,https://everyayah.com/data/Abdul_Basit_Murattal_64kbps/039006.mp3,1e513fef3d37df7815657aa20e9a34bbb3d7a7aea403e108bde39482c4c9673f,ar,,,benchmark
benchmarks/generated/audio/Abdul_Basit_Murattal_64kbps_039047.mp3,abdul_basit_murattal_64kbps,39,47,https://everyayah.com/data/Abdul_Basit_Murattal_64kbps/039047.mp3,4b956f2b4f3c78ae022ab475861f2d4e9bbd817965162a46e73b79c8169a6959,ar,,,benchmark
benchmarks/generated/audio/Abdul_Basit_Murattal_64kbps_039052.mp3,abdul_basit_murattal_64kbps,39,52,https://everyayah.com/data/Abdul_Basit_Murattal_64kbps/039052.mp3,cd41dd9852d51cc67953cf0fb2e5cda99df027628451ad7dfe758f1b66786df2,ar,,,benchmark
benchmarks/generated/audio/Abdul_Basit_Murattal_64kbps_039058.mp3,abdul_basit_murattal_64kbps,39,58,https://everyayah.com/data/Abdul_Basit_Murattal_64kbps/039058.mp3,2254c060aa7ac75a37c0d6701f57695f7c50efa849b33b8953416ac252b9a85e,ar,,,benchmark
benchmarks/generated/audio/Abdul_Basit_Murattal_64kbps_040030.mp3,abdul_basit_murattal_64kbps,40,30,https://everyayah.com/data/Abdul_Basit_Murattal_64kbps/040030.mp3,00d5bad873193aa7bf877a1d6e444dd7795ea5cda4b747ae8ef3c32672541008,ar,,,benchmark
benchmarks/generated/audio/Abdul_Basit_Murattal_64kbps_041025.mp3,abdul_basit_murattal_64kbps,41,25,https://everyayah.com/data/Abdul_Basit_Murattal_64kbps/041025.mp3,98a84c7121bf1fb1973d8416ce10e68ce94297a3f9bc9917c19027b69f946061,ar,,,benchmark
benchmarks/generated/audio/Abdul_Basit_Murattal_64kbps_041044.mp3,abdul_basit_murattal_64kbps,41,44,https://everyayah.com/data/Abdul_Basit_Murattal_64kbps/041044.mp3,c4eac29b510961fee587299df0dd62454b52f9411f25858e224fdcfbde759873,ar,,,benchmark
benchmarks/generated/audio/Abdul_Basit_Murattal_64kbps_043033.mp3,abdul_basit_murattal_64kbps,43,33,https://everyayah.com/data/Abdul_Basit_Murattal_64kbps/043033.mp3,0846d66e0e016cc78b6e380a64d0abad08bf114300ee79e8161d5cd81d370bb7,ar,,,benchmark
benchmarks/generated/audio/Abdul_Basit_Murattal_64kbps_043035.mp3,abdul_basit_murattal_64kbps,43,35,https://everyayah.com/data/Abdul_Basit_Murattal_64kbps/043035.mp3,6df03392a7457d0f6ac0cacf7b6d654d858d8c580c4fcdab9689d3bc90ed744b,ar,,,benchmark
benchmarks/generated/audio/Abdul_Basit_Murattal_64kbps_043036.mp3,abdul_basit_murattal_64kbps,43,36,https://everyayah.com/data/Abdul_Basit_Murattal_64kbps/043036.mp3,55a93fe799b8c8cd68b2ca0db18d23e253a52b2a717e3cdc3c7f265d6e123060,ar,,,benchmark
benchmarks/generated/audio/Abdul_Basit_Murattal_64kbps_044014.mp3,abdul_basit_murattal_64kbps,44,14,https://everyayah.com/data/Abdul_Basit_Murattal_64kbps/044014.mp3,287bc444babd58b69705108badd81996e83e60c80b8e28b9a9877b3669091547,ar,,,benchmark
benchmarks/generated/audio/Abdul_Basit_Murattal_64kbps_045021.mp3,abdul_basit_murattal_64kbps,45,21,https://everyayah.com/data/Abdul_Basit_Murattal_64kbps/045021.mp3,037b52cf2a1b03435b3c6c317b9394c78b40bbd8cb235cf0b06d62d8669abe49,ar,,,benchmark
benchmarks/generated/audio/Abdul_Basit_Murattal_64kbps_046004.mp3,abdul_basit_murattal_64kbps,46,4,https://everyayah.com/data/Abdul_Basit_Murattal_64kbps/046004.mp3,62f23a7c5d1d32eb32c52d17b26d22e4d6bdc15c0edd5eb37dd98ab921d8da6f,ar,,,benchmark
benchmarks/generated/audio/Abdul_Basit_Murattal_64kbps_046027.mp3,abdul_basit_murattal_64kbps,46,27,https://everyayah.com/data/Abdul_Basit_Murattal_64kbps/046027.mp3,d0b337776e233d88f082ddce71359dbf3e1748d0b6cc01e30bb9bc9ea84b21fe,ar,,,benchmark
benchmarks/generated/audio/Abdul_Basit_Murattal_64kbps_047002.mp3,abdul_basit_murattal_64kbps,47,2,https://everyayah.com/data/Abdul_Basit_Murattal_64kbps/047002.mp3,e2e520e6bbde62ae6823fcd45530a2504bc134448823c6610740373be5882474,ar,,,benchmark
benchmarks/generated/audio/Abdul_Basit_Murattal_64kbps_047015.mp3,abdul_basit_murattal_64kbps,47,15,https://everyayah.com/data/Abdul_Basit_Murattal_64kbps/047015.mp3,d9ef643f7caece200fed39cc7fb7faa39ab51bb3912b9975739268b09ab4b5c9,ar,,,benchmark
benchmarks/generated/audio/Abdul_Basit_Murattal_64kbps_048005.mp3,abdul_basit_murattal_64kbps,48,5,https://everyayah.com/data/Abdul_Basit_Murattal_64kbps/048005.mp3,598f80b4f75cac9d7708e88cf0916531fe08bc8ea5ae8dd73b81114b64a1f666,ar,,,benchmark
benchmarks/generated/audio/Abdul_Basit_Murattal_64kbps_048020.mp3,abdul_basit_murattal_64kbps,48,20,https://everyayah.com/data/Abdul_Basit_Murattal_64kbps/048020.mp3,3662a2e028ebca5d0c7a20cd3dda2f3f80447bc952afa661218e9004e1ee63d3,ar,,,benchmark
benchmarks/generated/audio/Abdul_Basit_Murattal_64kbps_050013.mp3,abdul_basit_murattal_64kbps,50,13,https://everyayah.com/data/Abdul_Basit_Murattal_64kbps/050013.mp3,dd284d3d8a71538257993650f9a9c7cbd7dbf688ed27cd68f86df1400a23a8ca,ar,,,benchmark
benchmarks/generated/audio/Abdul_Basit_Murattal_64kbps_050022.mp3,abdul_basit_murattal_64kbps,50,22,https://everyayah.com/data/Abdul_Basit_Murattal_64kbps/050022.mp3,92a7a3df19c823965aafd42ba7f7ec97f0dcae394eb93bca8682ecced19fb8ba,ar,,,benchmark
benchmarks/generated/audio/Abdul_Basit_Murattal_64kbps_051025.mp3,abdul_basit_murattal_64kbps,51,25,https://everyayah.com/data/Abdul_Basit_Murattal_64kbps/051025.mp3,17a6df2929a165359599e1d7bf7b5b888386816c4e670e40f381f48bc63ed64c,ar,,,benchmark
benchmarks/generated/audio/Abdul_Basit_Murattal_64kbps_051031.mp3,abdul_basit_murattal_64kbps,51,31,https://everyayah.com/data/Abdul_Basit_Murattal_64kbps/051031.mp3,c8226d4dfd3b77a0ea41f8b8b5e4b6c9df1f331beb8e3e2e3d3efa1d4dbd5684,ar,,,benchmark
benchmarks/generated/audio/Abdul_Basit_Murattal_64kbps_051040.mp3,abdul_basit_murattal_64kbps,51,40,https://everyayah.com/data/Abdul_Basit_Murattal_64kbps/051040.mp3,d2b169dcd463378680f40611df6b197150ec9c8d86e61c8ac82089c6ddd1c099,ar,,,benchmark
benchmarks/generated/audio/Abdul_Basit_Murattal_64kbps_051043.mp3,abdul_basit_murattal_64kbps,51,43,https://everyayah.com/data/Abdul_Basit_Murattal_64kbps/051043.mp3,58721198627fd7102eb500f046a63917671d4ba28215c0cf1478cc08b22ce93b,ar,,,benchmark
benchmarks/generated/audio/Abdul_Basit_Murattal_64kbps_052005.mp3,abdul_basit_murattal_64kbps,52,5,https://everyayah.com/data/Abdul_Basit_Murattal_64kbps/052005.mp3,fa1c59794adaccf95c3d2d9a5a5ed1b708b02a13f8710c28bbd1a6efb4e66808,ar,,,benchmark
benchmarks/generated/audio/Abdul_Basit_Murattal_64kbps_053042.mp3,abdul_basit_murattal_64kbps,53,42,https://everyayah.com/data/Abdul_Basit_Murattal_64kbps/053042.mp3,89b5481fbf09518bcd7af309eefd2d45336119cb9b3765d02924a1b4b4dd7daa,ar,,,benchmark
benchmarks/generated/audio/Abdul_Basit_Murattal_64kbps_054016.mp3,abdul_basit_murattal_64kbps,54,16,https://everyayah.com/data/Abdul_Basit_Murattal_64kbps/054016.mp3,ef158a8ebc95f81b702530448262479e4d5fff8e014b57a256779959c2fe553c,ar,,,benchmark
benchmarks/generated/audio/Abdul_Basit_Murattal_64kbps_054018.mp3,abdul_basit_murattal_64kbps,54,18,https://everyayah.com/data/Abdul_Basit_Murattal_64kbps/054018.mp3,221062b39a909756ed84352cbec815d11bb9ccae1fa437b6b658d5ddbe0ce1a5,ar,,,benchmark
benchmarks/generated/audio/Abdul_Basit_Murattal_64kbps_054024.mp3,abdul_basit_murattal_64kbps,54,24,https://everyayah.com/data/Abdul_Basit_Murattal_64kbps/054024.mp3,b7ca40da4dffed0b42ee3744164cb8f25e99505a1f82b14dcbdfe34d58cc2140,ar,,,benchmark
benchmarks/generated/audio/Abdul_Basit_Murattal_64kbps_054050.mp3,abdul_basit_murattal_64kbps,54,50,https://everyayah.com/data/Abdul_Basit_Murattal_64kbps/054050.mp3,8372ecb3ea3d3451408f79a3242c6f7e9c8f1c1ea0a46852d6682a8a0d9d82d9,ar,,,benchmark
benchmarks/generated/audio/Abdul_Basit_Murattal_64kbps_055050.mp3,abdul_basit_murattal_64kbps,55,50,https://everyayah.com/data/Abdul_Basit_Murattal_64kbps/055050.mp3,7dbc4d42fd1094bb3f9711192b759571e2b7a8603af1971f0a17783f0043de7e,ar,,,benchmark
benchmarks/generated/audio/Abdul_Basit_Murattal_64kbps_055065.mp3,abdul_basit_murattal_64kbps,55,65,https://everyayah.com/data/Abdul_Basit_Murattal_64kbps/055065.mp3,6ef5087ca1eb5da3240e62ff6ae144dd1ace9ab30d24297a8002bcb996d1873e,ar,,,benchmark
benchmarks/generated/audio/Abdul_Basit_Murattal_64kbps_056081.mp3,abdul_basit_murattal_64kbps,56,81,https://everyayah.com/data/Abdul_Basit_Murattal_64kbps/056081.mp3,f4fdfb1b5c0a29e5637c8f3794854e7c1b8d0ebd1851243b6c28872528d9dc29,ar,,,benchmark
benchmarks/generated/audio/Abdul_Basit_Murattal_64kbps_056083.mp3,abdul_basit_murattal_64kbps,56,83,https://everyayah.com/data/Abdul_Basit_Murattal_64kbps/056083.mp3,f343d0e1b39b4c436308f58fa402f33728a64894575c266618ef5b6b8e0c8745,ar,,,benchmark
benchmarks/generated/audio/Abdul_Basit_Murattal_64kbps_056091.mp3,abdul_basit_murattal_64kbps,56,91,https://everyayah.com/data/Abdul_Basit_Murattal_64kbps/056091.mp3,8706530baa9a54a349c681eda224f4a40cdb71cc340799c1e389307533fe1c3f,ar,,,benchmark
benchmarks/generated/audio/Abdul_Basit_Murattal_64kbps_057024.mp3,abdul_basit_murattal_64kbps,57,24,https://everyayah.com/data/Abdul_Basit_Murattal_64kbps/057024.mp3,4d8626ef4dd89800edd46dc7e624f4dac3db70e0ae1050781912fd32d27c98cb,ar,,,benchmark
benchmarks/generated/audio/Abdul_Basit_Murattal_64kbps_058022.mp3,abdul_basit_murattal_64kbps,58,22,https://everyayah.com/data/Abdul_Basit_Murattal_64kbps/058022.mp3,af17afd648818fb7d34557aaabf0ac79ab4b28b850dd503f6bddbedd36740968,ar,,,benchmark
benchmarks/generated/audio/Abdul_Basit_Murattal_64kbps_059011.mp3,abdul_basit_murattal_64kbps,59,11,https://everyayah.com/data/Abdul_Basit_Murattal_64kbps/059011.mp3,f33de0bdda44575fd3880bfc1b827a09730d3d78bc0c2bd55cddf67f46f9e70a,ar,,,benchmark
benchmarks/generated/audio/Abdul_Basit_Murattal_64kbps_059017.mp3,abdul_basit_murattal_64kbps,59,17,https://everyayah.com/data/Abdul_Basit_Murattal_64kbps/059017.mp3,097fd43adfb4b73e2c420f4316fa0f6f96722da7cefefc260259dcff11c09bf4,ar,,,benchmark
benchmarks/generated/audio/Abdul_Basit_Murattal_64kbps_060003.mp3,abdul_basit_murattal_64kbps,60,3,https://everyayah.com/data/Abdul_Basit_Murattal_64kbps/060003.mp3,a78218ba606752f215cc186d6a06bae682ff72f8de2989237fa20864d091e159,ar,,,benchmark
benchmarks/generated/audio/Abdul_Basit_Murattal_64kbps_062006.mp3,abdul_basit_murattal_64kbps,62,6,https://everyayah.com/data/Abdul_Basit_Murattal_64kbps/062006.mp3,73c9d989bace24ed16b750cab0e47d75a37927bbaec9e10c63f581909aa952e5,ar,,,benchmark
benchmarks/generated/audio/Abdul_Basit_Murattal_64kbps_067003.mp3,abdul_basit_murattal_64kbps,67,3,https://everyayah.com/data/Abdul_Basit_Murattal_64kbps/067003.mp3,5a9549482edf861550dedccca3e37ee67a50d010ec6a5b460a600da22611b813,ar,,,benchmark
benchmarks/generated/audio/Abdul_Basit_Murattal_64kbps_067007.mp3,abdul_basit_murattal_64kbps,67,7,https://everyayah.com/data/Abdul_Basit_Murattal_64kbps/067007.mp3,5da9f3533f704947fd14fadcacd26f3e4a4967b3248199a9575733dd02d76898,ar,,,benchmark
benchmarks/generated/audio/Abdul_Basit_Murattal_64kbps_067018.mp3,abdul_basit_murattal_64kbps,67,18,https://everyayah.com/data/Abdul_Basit_Murattal_64kbps/067018.mp3,f60b0e6119e01fc92bdfccbef736f83b81fbfce9ac4a803427fa2e6ab0cdbec6,ar,,,benchmark
benchmarks/generated/audio/Abdul_Basit_Murattal_64kbps_069014.mp3,abdul_basit_murattal_64kbps,69,14,https://everyayah.com/data/Abdul_Basit_Murattal_64kbps/069014.mp3,7189ec64a6933acfa54ffea86ae6f25cf7b56cd6298fc45a3a66f3c4cde26628,ar,,,benchmark
benchmarks/generated/audio/Abdul_Basit_Murattal_64kbps_069033.mp3,abdul_basit_murattal_64kbps,69,33,https://everyayah.com/data/Abdul_Basit_Murattal_64kbps/069033.mp3,f5a023660c16e42546d8fac0d6fb2c80fffed0315bc30ca2c6e1af1d03dfd250,ar,,,benchmark
benchmarks/generated/audio/Abdul_Basit_Murattal_64kbps_069045.mp3,abdul_basit_murattal_64kbps,69,45,https://everyayah.com/data/Abdul_Basit_Murattal_64kbps/069045.mp3,4788c18b34c8581e431af8b889a45efc258bd36484bb7387ac0d4a2b3be99b0f,ar,,,benchmark
benchmarks/generated/audio/Abdul_Basit_Murattal_64kbps_070033.mp3,abdul_basit_murattal_64kbps,70,33,https://everyayah.com/data/Abdul_Basit_Murattal_64kbps/070033.mp3,fd071a604d1aab9255bf7bf4cb26cfed15d7ed951919f5de0915c86d92d7a8f9,ar,,,benchmark
benchmarks/generated/audio/Abdul_Basit_Murattal_64kbps_071024.mp3,abdul_basit_murattal_64kbps,71,24,https://everyayah.com/data/Abdul_Basit_Murattal_64kbps/071024.mp3,23f3936239c6fd8ed65036140ea169d65b4a1e4eabcdda8e87631a4f9bf21b53,ar,,,benchmark
benchmarks/generated/audio/Abdul_Basit_Murattal_64kbps_072011.mp3,abdul_basit_murattal_64kbps,72,11,https://everyayah.com/data/Abdul_Basit_Murattal_64kbps/072011.mp3,4d3cd09ec863328cb9dcfea08c567450cfa7cd22ed9f46487f5bab5c4d26f08a,ar,,,benchmark
benchmarks/generated/audio/Abdul_Basit_Murattal_64kbps_072016.mp3,abdul_basit_murattal_64kbps,72,16,https://everyayah.com/data/Abdul_Basit_Murattal_64kbps/072016.mp3,d3a8fa1c254a80b5e0db008b0f39fe3190c18819825068ac166d9db6b021728b,ar,,,benchmark
benchmarks/generated/audio/Abdul_Basit_Murattal_64kbps_075017.mp3,abdul_basit_murattal_64kbps,75,17,https://everyayah.com/data/Abdul_Basit_Murattal_64kbps/075017.mp3,882a5581ad564be793a3870b3ecb91ab2fb7fac5d12563440e688c1dd9416e48,ar,,,benchmark
benchmarks/generated/audio/Abdul_Basit_Murattal_64kbps_075025.mp3,abdul_basit_murattal_64kbps,75,25,https://everyayah.com/data/Abdul_Basit_Murattal_64kbps/075025.mp3,6482fe0a0dae01caa2e911a10589a3a9fb41fee24760ba28ecd96911bbb0da37,ar,,,benchmark
benchmarks/generated/audio/Abdul_Basit_Murattal_64kbps_075027.mp3,abdul_basit_murattal_64kbps,75,27,https://everyayah.com/data/Abdul_Basit_Murattal_64kbps/075027.mp3,082f09e3eb28931c5cfe2c0dd823abae44edff4de0023cde0b2bc200d1a9605b,ar,,,benchmark
benchmarks/generated/audio/Abdul_Basit_Murattal_64kbps_079001.mp3,abdul_basit_murattal_64kbps,79,1,https://everyayah.com/data/Abdul_Basit_Murattal_64kbps/079001.mp3,034ba713b83f3727db09b8bcb0f477221c19ff0582ee9feeb49269c50f907342,ar,,,benchmark
benchmarks/generated/audio/Abdul_Basit_Murattal_64kbps_079007.mp3,abdul_basit_murattal_64kbps,79,7,https://everyayah.com/data/Abdul_Basit_Murattal_64kbps/079007.mp3,ec371ac9d943f93bf21eb7262318c8105f4f63d6eea4b7f5784757c0202ceccc,ar,,,benchmark
benchmarks/generated/audio/Abdul_Basit_Murattal_64kbps_080031.mp3,abdul_basit_murattal_64kbps,80,31,https://everyayah.com/data/Abdul_Basit_Murattal_64kbps/080031.mp3,9d29a78b22f558a00f5bd8d80f37cd47e1522ac094c53533ce166eab339b5672,ar,,,benchmark
benchmarks/generated/audio/Abdul_Basit_Murattal_64kbps_081001.mp3,abdul_basit_murattal_64kbps,81,1,https://everyayah.com/data/Abdul_Basit_Murattal_64kbps/081001.mp3,37516ac60cf6a4b2b2acad662659c5398849d207ed8e808d83432baf3bdb6360,ar,,,benchmark
benchmarks/generated/audio/Abdul_Basit_Murattal_64kbps_081016.mp3,abdul_basit_murattal_64kbps,81,16,https://everyayah.com/data/Abdul_Basit_Murattal_64kbps/081016.mp3,08d85d63d9f299dab11f6f86be78684e83cdac7f5bdfcd153538b03ba8d16661,ar,,,benchmark
benchmarks/generated/audio/Abdul_Basit_Murattal_64kbps_081019.mp3,abdul_basit_murattal_64kbps,81,19,https://everyayah.com/data/Abdul_Basit_Murattal_64kbps/081019.mp3,edfb3863b52fd1e8d9e96418c467a7a3719d712e5a484d3c59652c1efd119d98,ar,,,benchmark
benchmarks/generated/audio/Abdul_Basit_Murattal_64kbps_083001.mp3,abdul_basit_murattal_64kbps,83,1,https://everyayah.com/data/Abdul_Basit_Murattal_64kbps/083001.mp3,9e6909620b18ed3a7d92e4cc73b529d7102845cca50e62abfda4b3d357040e2d,ar,,,benchmark
benchmarks/generated/audio/Abdul_Basit_Murattal_64kbps_083008.mp3,abdul_basit_murattal_64kbps,83,8,https://everyayah.com/data/Abdul_Basit_Murattal_64kbps/083008.mp3,2aef4f8ff69dda6168c575aa3574bbc790e80036a8d5383f1e5c3ba913363a64,ar,,,benchmark
benchmarks/generated/audio/Abdul_Basit_Murattal_64kbps_083027.mp3,abdul_basit_murattal_64kbps,83,27,https://everyayah.com/data/Abdul_Basit_Murattal_64kbps/083027.mp3,0670b0be9a4961ccc1180d3c3fe6954dbf1ace4b17af89b08fef42c13eb12f28,ar,,,benchmark
benchmarks/generated/audio/Abdul_Basit_Murattal_64kbps_083032.mp3,abdul_basit_murattal_64kbps,83,32,https://everyayah.com/data/Abdul_Basit_Murattal_64kbps/083032.mp3,64264e552c219d94c12600e5ba0f95d030d1472a07fb9c79cb54ad1385b3e6f1,ar,,,benchmark
benchmarks/generated/audio/Abdul_Basit_Murattal_64kbps_084008.mp3,abdul_basit_murattal_64kbps,84,8,https://everyayah.com/data/Abdul_Basit_Murattal_64kbps/084008.mp3,edd26271216fae9d89665315f31758846b680f97a0fa31e669382b7bbbdbf15f,ar,,,benchmark
benchmarks/generated/audio/Abdul_Basit_Murattal_64kbps_087011.mp3,abdul_basit_murattal_64kbps,87,11,https://everyayah.com/data/Abdul_Basit_Murattal_64kbps/087011.mp3,2b9eefebb30f68a28db0bd7eff96042f85996cc8d0311dd37a86ca5dd4998211,ar,,,benchmark
benchmarks/generated/audio/Abdul_Basit_Murattal_64kbps_087016.mp3,abdul_basit_murattal_64kbps,87,16,https://everyayah.com/data/Abdul_Basit_Murattal_64kbps/087016.mp3,8584b64be7f2a7feb266055e3e45cb702ab5b946a4848ca20fd56a59279d36fc,ar,,,benchmark
benchmarks/generated/audio/Abdul_Basit_Murattal_64kbps_088025.mp3,abdul_basit_murattal_64kbps,88,25,https://everyayah.com/data/Abdul_Basit_Murattal_64kbps/088025.mp3,6273a4214022a718ed896b77f47039d4c83867144320af0c8f34793bd6ae7c85,ar,,,benchmark
benchmarks/generated/audio/Abdul_Basit_Murattal_64kbps_096002.mp3,abdul_basit_murattal_64kbps,96,2,https://everyayah.com/data/Abdul_Basit_Murattal_64kbps/096002.mp3,c4d4a36c6779a119597e29cc1263afc35dec17643108f812b22dbe872fcd5f35,ar,,,benchmark
benchmarks/generated/audio/Abdul_Basit_Murattal_64kbps_096016.mp3,abdul_basit_murattal_64kbps,96,16,https://everyayah.com/data/Abdul_Basit_Murattal_64kbps/096016.mp3,09cbc33f602501c6b16b6895c482de5be19977023511346ad7238e1b52d5d227,ar,,,benchmark
benchmarks/generated/audio/Abdul_Basit_Murattal_64kbps_099001.mp3,abdul_basit_murattal_64kbps,99,1,https://everyayah.com/data/Abdul_Basit_Murattal_64kbps/099001.mp3,874d4c1bd7c0ea0b0b4593a9457927978bb74d343e846d29e71424eec0d36bc9,ar,,,benchmark
benchmarks/generated/audio/Abdul_Basit_Murattal_64kbps_101011.mp3,abdul_basit_murattal_64kbps,101,11,https://everyayah.com/data/Abdul_Basit_Murattal_64kbps/101011.mp3,7163d7049b9d931016a43945d8ce365a4dfb4977f0b44afdf555eb3b4ca3be6e,ar,,,benchmark
benchmarks/generated/audio/Abdul_Basit_Murattal_64kbps_105002.mp3,abdul_basit_murattal_64kbps,105,2,https://everyayah.com/data/Abdul_Basit_Murattal_64kbps/105002.mp3,52b590d5e7cda2df9593c3159317b1cf8a270a0a18c7ee7f1ea948eebaefe39c,ar,,,benchmark
benchmarks/generated/audio/Abdul_Basit_Murattal_64kbps_113001.mp3,abdul_basit_murattal_64kbps,113,1,https://everyayah.com/data/Abdul_Basit_Murattal_64kbps/113001.mp3,386e90e793d9295cacea96add4bdd4212a05f5aa295f984721a1c24b26b8ab2a,ar,,,benchmark
